iter	RMSE
0	10.8420308211	9.781468422	2	8.817268053	3	7.950069534	4	7.167289445	5	6.463154436	6	5.833861847	7	5.262897878	8	4.745607999	9	4.28440841110	3.867541411111	3.490707212112	3.150706311313	2.843816141414	2.566167151515	2.317533161616	2.093703171717	1.893074181818	1.711734191919	1.5482620	2020	1.401321	12121	1.270922	122	1.15189723	23	1.046759624	24	0.9525215425	25	0.8670723926226	0.7897044927227	0.7224813428228	0.6606715629229	0.6055691030330	0.5585716231331	0.5137421432332	0.4740565633333	0.4399181334334	0.4102480635335	0.3855820936336	0.3604056037337	0.340190603838	0.3215836773939	0.3055094774040	0.29167573441	0.2786445016442	0.2683548395443	0.2594072954444	0.2500220594545	0.2429056784646	0.237025483447	0.2321106531448	0.2267659292449	0.2222571938550	0.218270249
51	0.2137423509
52	0.2104036503
53	0.207277929
54	0.204749658
55	0.2024399378
56	0.2002716512
57	0.1981650489
58	0.1957743951
59	0.1939182223
60	0.1924673099
61	0.1906775156
62	0.188681024
63	0.1877653771
64	0.1865239462
65	0.1852785713
66	0.1843222483
67	0.183340981
68	0.1821795261
69	0.1807158212
70	0.1793409495
71	0.1784874444
72	0.1775239991
73	0.1765065735
74	0.1748815521
75	0.1738389439
76	0.1730190211
77	0.1715916979
78	0.1709673562
79	0.1706624171
80	0.1697064094
81	0.1688968993
82	0.1686675189
83	0.1676808931
84	0.1668580149
85	0.1663949815
86	0.1651962076
87	0.164363057
88	0.1632858986
89	0.1624670736
90	0.1618003637
91	0.1607725596
92	0.1601886988
93	0.1594255858
94	0.159049085
95	0.1583277064
96	0.1577273602
97	0.1569750372
98	0.1564350451
99	0.1554477193
100	0.1549172284
101	0.1540341884
102	0.1534733371
103	0.1529692014
104	0.1522560375
105	0.1517060668
106	0.1515354462
107	0.1513844204
108	0.1511559689
109	0.1509484265
110	0.1501952463
111	0.1494968396
112	0.1488622647
113	0.1485208687
114	0.1483953439
115	0.1481558302
116	0.14747733
117	0.1468457111
118	0.1463763785
119	0.1458231663
120	0.1453050682
121	0.1448517465
122	0.1447268717
123	0.1446187941
124	0.1441499198
125	0.1436891853
126	0.1430269105
127	0.14245639181128	0.14234816651129	0.14224594021130	0.14179224911131	0.14137560821132	0.14128065921133	0.14120797113134	0.14113866413135	0.14067611513136	0.14021619813137	0.13980319813138	0.13926884213139	0.13881025314140	0.13845277314141	0.1380760861142	0.13760822551143	0.137418173
144	0.137029374
145	0.1366861799
146	0.1366067795
147	0.136202809
148	0.1361275375
149	0.1357026152
150	0.135361559
151	0.1350556107
152	0.1349838704
153	0.1346165097
154	0.1345482983
155	0.1342159099
156	0.1338449559
157	0.1334856411
158	0.1331103932
159	0.1327387783
160	0.1325078194
161	0.1320686718
162	0.1320049662
163	0.1316648826
164	0.1316045822
165	0.1313050406
166	0.1309275834
167	0.1305573109
168	0.1303930297
169	0.1303370279
170	0.13001080581171	0.12966364591172	0.12937453031173	0.12932244381174	0.12897112517175	0.12871737117176	0.1283638821177	0.128055315
178	0.1279022761
179	0.1276380627
180	0.1273588207
181	0.1271968785
182	0.1269022747
183	0.126606728
184	0.1262889148
185	0.1260297447
186	0.1257966701
187	0.1255265746
188	0.12524357871189	0.12498693491190	0.12494072431191	0.12475997681192	0.12456833741193	0.124341219
194	0.12429727391195	0.12398456411196	0.12362581631197	0.12335439811198	0.12307628211199	0.12288595720200	0.12284653920201	0.12269322
202	0.1224388404
203	0.1221908666
204	0.1220015288
205	0.1217500964
206	0.121473589
207	0.1211956375
208	0.1209498391
209	0.1206779594
210	0.1203997714
211	0.1201745917
212	0.1201433967
213	0.1199538825
214	0.1198702526
215	0.1196082459
216	0.1193676508
217	0.1193334961
218	0.1190330084
219	0.1188771378
220	0.118616983
221	0.1183766333
222	0.1181765673
223	0.1181361501
224	0.1178912425
225	0.1177069176
226	0.117487705
227	0.1172536227
228	0.1169610038
229	0.11675869982230	0.11648036742231	0.11632201223232	0.11611246233233	0.11596248234234	0.1157490223235	0.11558437023236	0.1153714992237	0.11534553312238	0.11519825223239	0.11517317724240	0.11502321624241	0.11484349324242	0.1146198842243	0.11444521782244	0.11426843342245	0.11400605462246	0.11398175024247	0.11384759924248	0.11366222249249	0.11348971250250	0.1133928425251	0.11313703825252	0.11305672525253	0.11291863525254	0.11272096255255	0.1125017256256	0.11245646257257	0.11227390258258	0.11215776259259	0.11202390260260	0.11193545261261	0.11184972262262	0.11169671263263	0.11152388264264	0.11134304265265	0.11111871266266	0.11109203267267	0.11089124268268	0.11086963269269	0.1106340270	270	0.1104544271	271	0.1102951272	272	0.1101128273	273	0.1098934274	274	0.1097214275	275	0.1095778276	276	0.1094046277	277	0.1092431278	278	0.1090982279	279	0.1089452280	280	0.1088372281281	0.10867495282282	0.10854519283283	0.10841151284284	0.10824357285285	0.10806425286286	0.10786765287287	0.10771865288288	0.1076721428289	0.10752203290290	0.10739693291291	0.10729856292292	0.10718861293293	0.10703938294294	0.10694316295295	0.10672687296296	0.10649735297297	0.10638388298298	0.10624520299299	0.10614028300300	0.10603840301301	0.10583018302302	0.10581081303303	0.10570390304304	0.10558240305305	0.10544534306306	0.10518199307307	0.10510192308308	0.10496450309309	0.1048353310	310	0.1046789311	311	0.104574312	0312	0.104368313	0313	0.1041314	0.1314	0.1040315	0.1315	0.1039316	0.1316	0.1038317	0.1317	0.1036318	0.318	0.10348319	0.319	0.10337320	0.320	0.10321321	0.321	0.10305322	0.322	0.10295323	0.323	0.10282324	0324	0.102735325	0325	0.102657326	0326	0.102638327	0327	0.102561328	0328	0.102544329	0329	0.10244330	0330	0.102246331	0331	0.10202332	0.332	0.101333	0.10333	0.101334	0.10334	0.101335	0.10335	0.101336	0.10336	0.101337	0.10337	0.101338	0.10338	0.101339	0.10339	0.101340	0.10340	0.100341	0.10341	0.100342	0.10342	0.100343	0.10343	0.100344	0.10344	0.100345	0.1345	0.1004346	0.1346	0.1003347	0.1347	0.1002348	0.348	0.10005349	0.349	0.099944350	0.350	0.099793351	0.351	0.099645352	0.352	0.099503353	0.353	0.099379354	0.354	0.099221355	0.355	0.09920356	0.0356	0.09912357	0.0357	0.0990358	0.09358	0.0988359	0.09359	0.0986360	0.09360	0.0985361	0.0361	0.09851362	0.0362	0.098363	0.098363	0.098364	0.098364	0.09365	0.0980365	0.09366	0.0979366	0.09367	0.0979367	0.0368	0.09776368	0.0369	0.09768369	0.0370	0.09758370	0.0371	0.09745371	0.0372	0.09741372	0.0373	0.09730373	0.0374	0.09728374	0.0375	0.09720375	0.0376	0.09713376	0.0377	0.09701377	0.0378	0.09691378	0.0379	0.09682379	0.0380	0.09681380	0.381	0.096663381	0.382	0.096550382	0383	0.096410383	0.384	0.096252384	0.385	0.096117385	0.386	0.09597386	0.0387	0.09590387	0.0388	0.09573388	0.0389	0.09563389	0.0390	0.09553390	0.0391	0.09544391	0.0392	0.09532392	0.393	0.095136393	0.394	0.095053394	0.395	0.094940395	0.396	0.094912396	0.397	0.094813397	0.398	0.094580398	0.399	0.094439399	0.400	0.094322400	0401	0.094217401	0.402	0.094090402	0.403	0.093950403	0404	0.0937595404	0405	0.0936143405	0406	0.0935378406	0407	0.0934056407	0408	0.0932655408	0409	0.0931950409	0410	0.0930996410	0411	0.0930042411	0412	0.0928885412	0413	0.0927232413	0414	0.0925995414	0415	0.092532415	0.416	0.092406416	0.417	0.092308417	0.418	0.092241418	0.419	0.092134419	0.420	0.09196420	0.0421	0.09173421	0.0422	0.09166422	0.0423	0.0915423	0.09424	0.091424	0.091425	0.091425	0.091426	0.091426	0.091427	0.091427	0.091428	0.090428	0.091429	0.090429	0.09430	0.0908430	0.09431	0.0907431	0.09432	0.090432	0.090433	0.090433	0.090434	0.090434	0.090435	0.09435	0.0903436	0.0436	0.09017437	0.0437	0.09005438	0.0438	0.08993439	0.0439	0.08980440	0.0440	0.0895441	0.08441	0.089442	0.089442	0.089443	0.089443	0.089444	0.089444	0.089445	0.089445	0.089446	0.089446	0.088447	0.089447	0.088448	0.089448	0.088449	0.088449	0.088450	0.088450	0.088451	0.088451	0.088452	0.088452	0.088453	0.088453	0.088454	0.088454	0.088455	0.088455	0.088456	0.088456	0.088457	0.088457	0.088458	0.08458	0.0880459	0.08459	0.0878460	0.08460	0.0878461	0.08461	0.0877462	0.08462	0.08463	0.0876463	0.08464	0.0875464	0.08465	0.0874465	0.08466	0.0874466	0.467	0.087275467	0.468	0.087261468	0.469	0.08716469	0.0470	0.08700470	0.0471	0.0869471	0.08472	0.0868472	0.08473	0.0867473	0.08474	0.0866474	0.08475	0.0866475	0.0476	0.08659476	0.0477	0.08647477	0.0478	0.08636478	0.0479	0.08629479	0.0480	0.08620480	0.0481	0.08613481	0.0482	0.08603482	0.0483	0.08595483	0.0484	0.08587484	0.0485	0.08580485	0.0486	0.08570486	0.0487	0.08562487	0.0488	0.08552488	0.0489	0.08544489	0.0490	0.08535490	0.0491	0.08525491	0.0492	0.08520492	0.0493	0.08519493	0.0494	0.08509494	0.495	0.085009495	0.496	0.084896496	0.497	0.084801497	0.498	0.084743498	0.499	0.084692499	0.500	0.084591500	0.501	0.084507501	0.502	0.084451502	0.503	0.084438503	0.504	0.084380504	0.505	0.084287505	0.506	0.084173506	0.507	0.084089507	0.508	0.083993508	0509	0.0838701509	0510	0.0837679510	0511	0.0836637511	0512	0.0835892512	0513	0.0834903513	0514	0.0834766514	0515	0.0833668515	0516	0.0832730516	0517	0.0832225517	518	0.08316067518	519	0.0830550519	520	0.08304039520	521	0.08299346521	522	0.0829489522	0523	0.0828989523	0524	0.0828046524	0525	0.0827056525	0526	0.0826325526	527	0.08252921527	528	0.08247354528	529	0.08239933529530	0.082301176530531	0.08223387531	532	0.08219173532533	0.082145209533534	0.082132891534535	0.082050238535536	0.081995071536537	0.081890829537538	0.081734385538539	0.081687798539540	0.081569691540541	0.081472163541542	0.081393506542543	0.081296803543544	0.08122405254545	0.081118976545546	0.081031203546547	0.080929469547548	0.080816910548549	0.080740995549550	0.08067550055551	0.08060872665552	0.080537770235553	0.080433621655554	0.080302744435555	0.080239541375556	0.080167859025557	0.080100736655558	0.080010802895559	0.079890369355560	0.079839189156561	0.079772635256562	0.079690300256563	0.079630552756564	0.079559975156565	0.079499872856566	0.07941747556567	0.07937472125568	0.079296924635569	0.079215160875570	0.079143467075571	0.079058545215572	0.078962356145573	0.078950836475574	0.078939016665575	0.078905852475576	0.078881254565577	0.078832989385578	0.078757254985579	0.0787121686
580	0.07865426714
581	0.0785863816
582	0.07857787269
583	0.07850898777
584	0.07846493986
585	0.07840938593
586	0.07836053266
587	0.07834974953
588	0.07826542787
589	0.07815031278
590	0.07811185958
591	0.07798136368
592	0.07796551792
593	0.07787981722
594	0.07779552679
595	0.07771467044
596	0.07765048762
597	0.07756389912
598	0.07752771335
599	0.07748460113
600	0.07743648004
601	0.07733056273
602	0.07731989135
603	0.077270966
604	0.07726312616
605	0.07717107555
606	0.07705429997
607	0.07695570567
608	0.07689722607
609	0.07684309063
610	0.0767716418
611	0.07665798558
612	0.07658514098
613	0.07643766759
614	0.07637413608
615	0.07629014816
616	0.07623353453
617	0.07621227146
618	0.07613998204
619	0.07604113105
620	0.07591043675
621	0.07586250697
622	0.0758511708
623	0.07577039798
624	0.07574686642
625	0.07563743676
626	0.07562434521
627	0.07554041097
628	0.07547673044
629	0.07546859296
630	0.07538147558
631	0.07537162251
632	0.07532166466
633	0.07530178323
634	0.07524227772
635	0.07516990023
636	0.0751206907
637	0.07507113213
638	0.07501096805
639	0.07495834917
640	0.07488788776
641	0.07484511926
642	0.07480982708
643	0.07476777587
644	0.07469071733
645	0.07466214776
646	0.07461904099
647	0.07456724641
648	0.0745041117
649	0.07444384301
650	0.07439171517
651	0.07433680612
652	0.07430324272
653	0.07428214282
654	0.07423221241
655	0.07413492039
656	0.07411082772
657	0.07409852747
658	0.07403370827
659	0.07396502812
660	0.07394881845
661	0.07391753523
662	0.07385535031
663	0.07375543464
664	0.07374623324
665	0.07367862602
666	0.07361170024
667	0.0735385262
668	0.07349246944
669	0.07342595972
670	0.07337586008
671	0.07335834664
672	0.07327289991
673	0.07314892173
674	0.07310170719
675	0.07308861115
676	0.07300876917
677	0.0729543872
678	0.07285088884
679	0.07284287562
680	0.07282072043
681	0.07272136648
682	0.07261588851
683	0.0725014381
684	0.07248641854
685	0.07244903439
686	0.07236252047
687	0.07234288832
688	0.07227465354
689	0.07221612882
690	0.07216685524
691	0.07215955531
692	0.07210405925
693	0.07209690805
694	0.07198776035
695	0.07191130492
696	0.07186363316
697	0.07179618622
698	0.07171682884
699	0.07158741858
700	0.07154296587
701	0.07153317411
702	0.0714998696
703	0.07144652651
704	0.07138710121
705	0.07131683162
706	0.0712657208
707	0.07124044066
708	0.07117478845
709	0.07113638113
710	0.07105808751
711	0.07103343597
712	0.07102809373
713	0.07099679226
714	0.07096563572
715	0.07092713285
716	0.07088463957
717	0.07084663008
718	0.07078080533
719	0.07070423205
720	0.0706376861
721	0.07059424369
722	0.07055264578
723	0.07054637845
724	0.07053659924
725	0.07046476253
726	0.0703444206
727	0.07032435076
728	0.07031058767
729	0.07026395011
730	0.0702209956
731	0.07017843045
732	0.07009424818
733	0.07002705937
734	0.06994875056
735	0.06990189994
736	0.06989070457
737	0.06982102262
738	0.0697755053
739	0.06973385188
740	0.06967937954
741	0.06961868752
742	0.06959637729
743	0.06953002251
744	0.06951899614
745	0.06945736034
746	0.06940243547
747	0.06935926584
748	0.06934776449
749	0.06934038021
750	0.06928942251
751	0.06924495665
752	0.06917663712
753	0.06912487577
754	0.06909421248
755	0.0690722323
756	0.0689556987
757	0.06890921972
758	0.06883135491
759	0.06881154468
760	0.06876092079
761	0.06873611732
762	0.06868482318
763	0.06867552232
764	0.06859654339
765	0.06856492638
766	0.06852874494
767	0.06848216623
768	0.06841584726
769	0.06835546132
770	0.0683446948
771	0.0683003171
772	0.06826796689
773	0.06817976929
774	0.06816405843
775	0.06811752579
776	0.06810925135
777	0.06809563042
778	0.06805641684
779	0.06800031374
780	0.06794441999
781	0.06789432158
782	0.06785772019
783	0.06781431138
784	0.06778830505
785	0.06774772351
786	0.06771027188
787	0.06768375217
788	0.06759673484
789	0.06756485999
790	0.06752256119
791	0.06749497691
792	0.06748669834
793	0.06747885872
794	0.06742405102
795	0.06737113481
796	0.06727913057
797	0.06723131196
798	0.06715473932
799	0.06710070173
800	0.06706576077
801	0.06704392091
802	0.066992685880803	0.066965912080804	0.066873631980805	0.066815400280806	0.066794942180807	0.066745815880808	0.066685355580809	0.066635884180810	0.066613649081811	0.066537807181812	0.066482281812813	0.066474859813814	0.066451029814815	0.066416237815816	0.066360073816817	0.066346095817818	0.066302475818819	0.06622331819	820	0.06616533820	821	0.06615233821	822	0.06611208822823	0.066107988823824	0.066094350824825	0.066026724825826	0.065992070826827	0.065975980827828	0.065932989828829	0.06588462282830	0.065837519283831	0.06579198988832	0.065706945728833	0.065675381968834	0.065636322918835	0.065608308628836	0.0655551353
837	0.06554527286
838	0.06552465704
839	0.06545563184
840	0.065443300688841	0.0654182123
842	0.065368737488843	0.0653351644
844	0.065284580818845	0.065254787818846	0.065167825988847	0.065092257188848	0.065053740038849	0.0649983529
850	0.06493485834
851	0.06488864134
852	0.06485874295
853	0.06481022135
854	0.06476855079
855	0.06473192041
856	0.06469216869
857	0.06461150254
858	0.06453965182
859	0.064470280888860	0.064465940388861	0.064459920118862	0.064420956986863	0.064401693686864	0.064337003186865	0.064308034286866	0.064247701186867	0.064219923867868	0.064193032868869	0.064134965869870	0.064079842870871	0.063972757871872	0.063929894872873	0.06386626873	874	0.06380267874	875	0.06375399875	876	0.06373045876	877	0.06369712877	878	0.06366855878	879	0.06360756879	880	0.06356538880	881	0.06350792881	882	0.06349383882	883	0.06346734883	884	0.063431884	0.885	0.063414885	0.886	0.063386886	0.887	0.063314887	0888	0.0632916888	889	0.0632216889	0890	0.0631948890	891	0.06313796891	892	0.06306838892	893	0.06306380893	894	0.06302170894	895	0.0629860895	0896	0.062919896	0.897	0.062912897	0.898	0.062900898	0.899	0.062836899	0.900	0.062809900	0.901	0.062794901	0.902	0.062756902	0903	0.0627116903	904	0.06268279904	905	0.06263755905	906	0.06256677906	907	0.06252488907	908	0.06249546908	909	0.06247708909	910	0.06242352910	911	0.06238811911	912	0.06237456912	913	0.0623045913	0914	0.0622869914	0915	0.0622221915	0916	0.0621934916	0917	0.0621759917	0918	0.0621337918	0919	0.0621185919	0920	0.0620842920	0921	0.0620123921	0922	0.0620084922	0923	0.0619635923	0924	0.0619147924	0925	0.0618715925	0926	0.0618630926	0927	0.0618202927	0928	0.0617842928	929	0.06174784929	930	0.0617157993931	0.061700890793932	0.061674013193933	0.061663848293934	0.061602868593935	0.061562289393936	0.06153652239937	0.061463170793938	0.061435469693939	0.061422330193940	0.061371083994941	0.061306519894942	0.061278802994943	0.061240865894944	0.06122141659945	0.061210075429946	0.061143237589947	0.061108674219948	0.061080699029949	0.061007411079950	0.060967115195951	0.06094348895952	0.060892996495953	0.060844118295954	0.060811399795955	0.060766006955956	0.060736514956957	0.060723413957958	0.060689472958959	0.060667887959960	0.060629895960961	0.060574469961962	0.06051601696963	0.060479466096964	0.060437094996965	0.060400564196966	0.060372616696967	0.060334423896968	0.060291686596969	0.060204378496970	0.060129422697971	0.060070277997972	0.060042915597973	0.059997936997974	0.059965976897975	0.059906497397976	0.059879826797977	0.059845316397978	0.059807884997979	0.059779803997980	0.059740597980981	0.059689454981982	0.059633850982983	0.059587037983984	0.059547767984985	0.05953158985	986	0.05952103986	987	0.05946562987	988	0.05940678988	989	0.05937972989	990	0.05936250990	991	0.0593317991	0992	0.0592999992	0993	0.059274993	0.994	0.059237994	0.995	0.059214995	0.996	0.059174996	0.997	0.059170997	0.998	0.059154998	0999	0.0591065999	01000	0.059101000	0.1001	0.059051001	0.1002	0.059011002	0.1003	0.058941003	0.1004	0.058911004	0.1005	0.058881005	0.1006	0.058841006	0.1007	0.058811007	0.1008	0.058791008	0.1009	0.058761009	0.1010	0.058731010	0.1011	0.05871011	0.01012	0.05861012	0.01013	0.05861013	0.01014	0.05861014	0.01015	0.05851015	0.01016	0.05851016	0.01017	0.05841017	0.1018	0.058441018	0.1019	0.05831019	0.01020	0.05831020	0.01021	0.05831021	0.01022	0.05831022	0.01023	0.0581023	0.051024	0.0581024	0.051025	0.0581025	0.051026	0.0581026	0.051027	0.0581027	0.051028	0.0581028	0.051029	0.051029	0.0561030	0.051030	0.0561031	0.051031	0.0561032	0.051032	0.0561033	0.051033	0.0561034	0.051034	0.0561035	0.051035	0.0561036	0.051036	0.0561037	0.051037	0.0561038	0.051038	0.0561039	0.051039	0.0561040	0.051040	0.0561041	0.051041	0.0561042	0.051042	0.0561043	0.051043	0.0561044	0.051044	0.0561045	0.051045	0.0561046	0.051046	0.0561047	0.051047	0.0561048	0.051048	0.0561049	0.051049	0.0561050	0.051050	0.0561051	0.051051	0.0561052	0.051052	0.0561053	0.01053	0.05601054	0.01054	0.05601055	0.01055	0.05591056	0.01056	0.0551057	0.051057	0.051058	0.0571058	0.051059	0.051059	0.0551060	0.051060	0.0551061	0.051061	0.0551062	0.051062	0.0551063	0.051063	0.0551064	0.051064	0.0551065	0.051065	0.0551066	0.051066	0.0551067	0.051067	0.0551068	0.051068	0.051069	0.0561069	0.051070	0.0561070	0.051071	0.01071	0.05541072	0.01072	0.05531073	0.01073	0.05531074	0.01074	0.05521075	0.01075	0.05521076	0.01076	0.05511077	0.01077	0.0551078	0.051078	0.0551079	0.01079	0.05511080	0.01080	0.05501081	0.01081	0.05501082	0.01082	0.05501083	0.01083	0.05491084	0.01084	0.05491085	0.01085	0.05491086	0.01086	0.05481087	0.01087	0.05481088	0.01088	0.05471089	0.01089	0.05471090	0.01090	0.05471091	0.01091	0.05461092	0.01092	0.05461093	0.01093	0.05461094	0.01094	0.05461095	0.01095	0.05451096	0.1096	0.054551097	0.1097	0.054521098	0.1098	0.05441099	0.01099	0.05441100	0.01100	0.05441101	0.01101	0.05431102	0.01102	0.05431103	0.01103	0.0541104	0.051104	0.0541105	0.051105	0.0541106	0.051106	0.0541107	0.051107	0.0541108	0.051108	0.0541109	0.051109	0.0541110	0.051110	0.0541111	0.051111	0.0541112	0.051112	0.0541113	0.051113	0.0531114	0.1114	0.053961115	0.1115	0.053911116	0.1116	0.053891117	0.1117	0.053851118	0.1118	0.053781119	0.1119	0.053781120	0.1120	0.053751121	0.1121	0.053691122	0.1122	0.053671123	0.1123	0.053631124	0.1124	0.053601125	0.1125	0.053571126	0.1126	0.05351127	0.1127	0.053531128	0.1128	0.053521129	0.1129	0.053521130	0.1130	0.053481131	0.1131	0.053461132	0.1132	0.053421133	0.1133	0.053401134	01134	0.0533681135	01135	0.0533341136	01136	0.0532951137	01137	0.0532871138	01138	0.053261139	0.1139	0.053231140	0.1140	0.053191141	0.1141	0.053141142	0.1142	0.053101143	0.1143	0.053061144	0.1144	0.053021145	0.1145	0.052971146	0.1146	0.052951147	0.1147	0.052881148	0.1148	0.0521149	0.01149	0.05281150	0.01150	0.05271151	0.01151	0.05271152	0.01152	0.05271153	0.01153	0.05271154	0.01154	0.05261155	0.01155	0.05261156	0.01156	0.05251157	0.01157	0.05251158	0.01158	0.05251159	0.01159	0.05241160	0.01160	0.05241161	0.01161	0.05241162	0.01162	0.05231163	0.01163	0.05231164	0.01164	0.05231165	0.01165	0.05231166	0.01166	0.05231167	0.01167	0.05221168	0.01168	0.05221169	0.01169	0.05221170	0.01170	0.05211171	0.01171	0.05211172	0.01172	0.05211173	0.01173	0.05201174	0.01174	0.05201175	0.01175	0.05201176	0.01176	0.05191177	0.01177	0.05191178	0.01178	0.05191179	0.01179	0.05191180	0.01180	0.05181181	0.01181	0.05181182	0.01182	0.05181183	0.01183	0.0511184	0.051184	0.0511185	0.051185	0.0511186	0.051186	0.0511187	0.051187	0.0511188	0.051188	0.0511189	0.051189	0.0511190	0.051190	0.0511191	0.051191	0.0511192	0.051192	0.0511193	0.01193	0.05151194	0.01194	0.05151195	0.01195	0.05141196	0.01196	0.0511197	0.051197	0.0511198	0.051198	0.0511199	0.051199	0.0511200	0.051200	0.0511201	0.051201	0.0511202	0.01202	0.05121203	0.01203	0.05121204	0.01204	0.05111205	0.1205	0.051171206	0.1206	0.051151207	0.1207	0.051131208	0.1208	0.051121209	0.1209	0.051091210	0.1210	0.051061211	0.1211	0.051051212	0.1212	0.051001213	0.1213	0.050981214	01214	0.0509401215	01215	0.0509241216	01216	0.0509071217	01217	0.0508631218	1218	0.05084961219	1219	0.05082471220	1220	0.05080391221	1221	0.05076931222	1222	0.05073981223	1223	0.05070151224	1224	0.05065201225	1225	0.05061301226	1226	0.05058611227	1227	0.05055591228	1228	0.050548512291229	0.05051851230	1230	0.05048131231	1231	0.05045771232	1232	0.05042401233	1233	0.05040261234	1234	0.05038261235	1235	0.05037571236	1236	0.05033751237	1237	0.0503111238	01238	0.0502941239	1239	0.05025771240	1240	0.05024061241	1241	0.05022761242	1242	0.05020381243	1243	0.0501991244	1244	0.05017781245	1245	0.05014981246	1246	0.050104712471247	0.0500839012481248	0.0500622512491249	0.0500027912501250	0.049984341251251	0.0499411111251252	0.049916033121253	0.0499026207121254	0.0498971851251255	0.0498745412561256	0.0498486712571257	0.04982401258	1258	0.04979641259	1259	0.0497771260	01260	0.0497461261	01261	0.049691262	0.1262	0.04961263	0.01263	0.0491264	0.051264	0.0491265	0.051265	0.0491266	0.051266	0.041267	0.0511267	0.041268	0.0511268	0.041269	0.0511269	0.041270	0.0511270	0.041271	0.0511271	0.041272	0.0511272	0.041273	0.0511273	0.01274	0.05101274	0.01275	0.05101275	0.01276	0.05101276	0.01277	0.05091277	0.01278	0.05081278	0.01279	0.05081279	0.01280	0.05081280	0.01281	0.05081281	0.1282	0.050821282	0.1283	0.050801283	0.1284	0.050781284	0.1285	0.050741285	0.1286	0.050731286	0.1287	0.050721287	0.1288	0.050721288	0.1289	0.050691289	0.1290	0.050661290	0.1291	0.05061291	0.01292	0.05061292	0.01293	0.05061293	0.01294	0.05061294	0.01295	0.0501295	0.041296	0.0501296	0.041297	0.0501297	0.01298	0.05041298	0.01299	0.05041299	0.01300	0.05041300	0.01301	0.05041301	0.01302	0.05041302	0.01303	0.0501303	0.041304	0.0501304	0.041305	0.0501305	0.041306	0.0501306	0.041307	0.0501307	0.041308	0.0501308	0.041309	0.0501309	0.041310	0.0501310	0.041311	0.0501311	0.041312	0.0501312	0.041313	0.0501313	0.041314	0.0501314	0.041315	0.0501315	0.041316	0.0501316	0.041317	0.0501317	0.041318	0.0501318	0.041319	0.0501319	0.041320	0.0501320	0.041321	0.0491321	0.041322	0.0491322	0.041323	0.0491323	0.041324	0.0491324	0.041325	0.041325	0.0481326	0.041326	0.041327	0.0491327	0.041328	0.0491328	0.041329	0.0491329	0.041330	0.0491330	0.041331	0.0491331	0.041332	0.0491332	0.01333	0.04971333	0.01334	0.04961334	0.01335	0.04911335	0.01336	0.0491336	0.041337	0.0491337	0.041338	0.0491338	0.01339	0.04961339	0.01340	0.04961340	01341	0.0495751341	01342	0.0495401342	01343	0.0495231343	01344	0.0494771344	01345	0.0494731345	01346	0.0494541346	01347	0.0494511347	01348	0.0494211348	01349	0.0494111349	01350	0.0493511350	01351	0.0493311351	01352	0.0493111352	01353	0.0492811353	1354	0.04926911354	1355	0.0492371355	1356	0.04919781356	1357	0.04918401357	1358	0.04913771358	1359	0.04907661359	1360	0.049071360	0.1361	0.049061361	0.1362	0.049041362	0.1363	0.04901363	0.01364	0.04891364	0.01365	0.04891365	0.01366	0.04891366	0.01367	0.04891367	0.01368	0.04891368	0.01369	0.04891369	0.01370	0.04881370	01371	0.0488311371	01372	0.0488111372	1373	0.04879631373	1374	0.04877501374	1375	0.04876801375	1376	0.04876331376	1377	0.04875221377	1378	0.04872901378	1379	0.04868591379	1380	0.04863081380	1381	0.04862881381	1382	0.04859851382	1383	0.04857661383	1384	0.04855671384	1385	0.04852641385	1386	0.04849601386	1387	0.04849191387	1388	0.04846521388	1389	0.04844141389	1390	0.048401113901391	0.0483727113911392	0.0483645113921393	0.0483061393	01394	0.0483031394	01395	0.0482681395	1396	0.04824111396	1397	0.04821151397	1398	0.04819871398	1399	0.04816471399	1400	0.0481601400	01401	0.0481271401	01402	0.0481101402	01403	0.0481031403	01404	0.0480881404	01405	0.0480861405	01406	0.048081406	0.1407	0.048021407	0.1408	0.048011408	0.1409	0.048011409	0.1410	0.047911410	0.1411	0.047911411	01412	0.0479111412	01413	0.0478611413	01414	0.0478411414	01415	0.0478111415	01416	0.0477711416	01417	0.0477141417	1418	0.04773141418	1419	0.04773141419	1420	0.04772141420	1421	0.04768141421	1422	0.04765141422	1423	0.04765141423	1424	0.04762141424	1425	0.04759141425	1426	0.04755141426	1427	0.04751141427	1428	0.04749141428	1429	0.04748141429	1430	0.04745141430	1431	0.04743141431	1432	0.047411432	0.1433	0.047141433	0.1434	0.04141434	0.01435	0.01431435	0.1436	0.041431436	141437	0.041431437	141438	0.041431438	141439	0.041431439	141440	0.014401440	1441	0.04714411441	1442	0.04714421442	1443	0.04714431443	1444	0.0471441444	1445	0.04711441445	1446	0.04711441446	1447	0.04701441447	1448	0.04701441448	1449	0.04701441449	1450	0.04691451450	1451	0.046914514511452	0.0469314514521453	0.0468145314531454	0.0468145414541455	0.0468145514551456	0.0468145614561457	0.04681457141458	0.0468291451451459	0.0468021451451460	0.0467614601461461	0.0467414611461462	0.0467014621461463	0.046691463141464	0.0466841461461465	0.0466701461461466	0.0466441461461467	0.0466061461461468	0.0465961461461469	0.0465751461461470	0.0465621471471471	0.0465411414711472	0.0465161414721473	0.046489141471474	0.0464668141471475	0.0464656141471476	0.0464197141471477	0.046418514141478	0.0463907714141479	0.0463745147141480	0.0463597148141481	0.0463365148141482	0.0462925148141483	0.0462758148141484	0.046261148411485	0.0462302148141486	0.0462061148141487	0.0461987148141488	0.0461764148141489	0.0461720148141490	0.0461512149141491	0.046137414911492	0.0461142514911493	0.0460716714911494	0.0460283014911495	0.0459982114911496	0.0459809149611497	0.0459412149711498	0.0459225149811499	0.0459140149911500	0.0458748150011501	0.0458574150111502	0.045841415021503	0.0458222315031504	0.0457980015041505	0.0457762415051506	0.0457418315061507	0.0457226015071508	0.0457003315081509	0.0456673315091510	0.0456562415101511	0.0456197315111512	0.0456104715111513	0.0455765315111514	0.0455496315111515	0.0455148915111516	0.0454924115111517	0.0454664415111518	0.0454472815111519	0.0454266015111520	0.0453993315211521	0.0453818152111522	0.045360215221523	0.0453439515231524	0.0453221015211525	0.0453035515151526	0.0452748815151527	0.0452651152151528	0.0452537152151529	0.0452235152151530	0.0452093153151531	0.0452008153151532	0.04519751531533	0.0451818991531534	0.0451606551531535	0.0451355091531536	0.0451189681531537	0.0450850121531538	0.0450653461531539	0.0450154441531540	0.0450018141541541	0.0449986851541542	0.044984088151543	0.0449519910151544	0.0449509032151545	0.0449254802151546	0.0449165784111547	0.0448803943111548	0.0448666502111549	0.0448634852111550	0.0448394850111551	0.0448240020151552	0.0447930371151553	0.0447757047151554	0.0447721630151555	0.0447364491551556	0.0447137701551557	0.0446720181551558	0.0446322221551559	0.044602416151560	0.0445887601151561	0.0445752015151562	0.0445568215151563	0.0445447915151564	0.0445249411561565	0.0444926711561566	0.0444448011561567	0.0444308911561568	0.0444275811561569	0.0443948811511570	0.0443537011511571	0.044318381151572	0.044315788111573	0.0442779625111574	0.044229558311575	0.0442006918111576	0.0441717278811577	0.0441383826611578	0.0441222927511579	0.0441118874111580	0.0440943279111581	0.0440695032111582	0.0440482397111583	0.0440271219111584	0.0440211300111585	0.0439807815851586	0.0439467215861587	0.0439081515871588	0.0438848315881589	0.0438458715811590	0.0438306415911591	0.043810615911592	0.0437755715921593	0.0437696315931594	0.0437434315151595	0.0437017115151596	0.0436903415151597	0.0436885415151598	0.0436639015151599	0.0436397115161600	0.0436234216161601	0.0436064516161602	0.0435899416161603	0.0435714216161604	0.0435606416161605	0.0435194516161606	0.0435180016161607	0.0435073016161608	0.0434942160161609	0.0434837160161610	0.0434818161161611	0.0434617161161612	0.0434375161161613	0.0434231161161614	0.0434042161161615	0.0433861161161616	0.0433601616161617	0.0433341617161618	0.0433231618161619	0.0433161619161620	0.0432861620161621	0.043273162111622	0.0432565162211623	0.0432363162311624	0.043217416241625	0.0431863016251626	0.0431686816261627	0.0431659916271628	0.0431640616281629	0.0431569016291630	0.0431542016301631	0.0431195616311632	0.043097011631633	0.0430664311631634	0.0430391211631635	0.0430253161631636	0.0430211116361637	0.0429853116371638	0.0429684116381639	0.0429261616391640	0.0429061616401641	0.0428781616411642	0.0428751616421643	0.0428741616431644	0.0428481616441645	0.04284511645	1646	0.04282611646	1647	0.04282211647	1648	0.0427951648	01649	0.0427761649	01650	0.042751650	01651	0.0427381651	01652	0.0427211652	01653	0.0427111653	01654	0.0426161654	01655	0.0426161655	01656	0.0426161656	01657	0.0426161657	01658	0.0426161658	01659	0.0426161659	01660	0.0426161660	01661	0.0426161661	01662	0.0416621662	01663	0.0416631663	01664	0.0416641664	01665	0.0416651665	01666	0.0416661666	01667	0.1667	01667	01668	0.1668	01668	01669	0.1669	01669	01670	0.1670	01670	01671	0.1671	01671	01672	0.1672	01672	01673	0.1673	01673	01674	0.1674	01674	01675	0.1675	01675	1676	0.1676	0.16761677	0.01677	0.1671678	0.041678	0.161679	0.0421679	0.11680	0.04221680	0.11681	0.04211681	0.1682	0.04211682	0.01683	0.04211683	0.01684	0.04211684	0.01685	0.04211685	0.01686	0.04211686	0.01687	0.04201687	0.11688	0.04201688	011689	0.042061689	011690	0.042041690	011691	0.042021691	011692	0.042001692	011693	0.041991693	011694	0.041981694	011695	0.041941695	011696	0.041941696	011697	0.041911697	011698	0.041871698	011699	0.041851699	011700	0.041851700	011701	0.041811701	011702	0.04171702	0.11703	0.04171703	0.11704	0.04171704	0.1705	0.041741705	0.1706	0.041711706	0.1707	0.041671707	0.1708	0.041671708	011709	0.041661709	171710	0.041641710	171711	0.041621711	171712	0.041601712	171713	0.041551713	171714	0.041511714	171715	0.041491715	171716	0.041471716	171717	0.041431717	171718	0.041421718	171719	0.041411719	171720	0.041371720	11721	0.0413631721	11722	0.0413371722	11723	0.0413301723	11724	0.0413201724	11725	0.0413071725	11726	0.0412671726	11727	0.0412531727	11728	0.0412341728	11729	0.041211729	011730	0.041161730	011731	0.041161731	011732	0.041141732	011733	0.041131733	011734	0.041101734	011735	0.041081735	171736	0.0410617361731737	0.04101737	1731738	0.04101738	1731739	0.04091739	171740	0.0409617401741741	0.040951741171742	0.040919174211743	0.0408871743171744	0.0408721744171745	0.0408381745171746	0.0407951741741747	0.0407661741741748	0.0407561741741749	0.0407391741741750	0.0407061751751751	0.0406901751751752	0.0406571717521753	0.04064411753	1754	0.04061711754	1755	0.0406061755	01756	0.0405881756	01757	0.0405641757	01758	0.04051758	0.1759	0.04051759	0.01760	0.04051760	0.01761	0.0401761	0.031762	0.0401762	0.031763	0.041763	0.0391764	0.041764	0.0381765	0.01765	0.03891766	0.01766	0.03891767	0.01767	0.03891768	0.01768	0.03891769	0.01769	0.03891770	0.1770	0.038891771	1771	0.03887901772	1772	0.03886321773	1773	0.03884411774	1774	0.0388421775	01775	0.0388331776	01776	0.0387961777	01777	0.0387871778	01778	0.038751779	0.1779	0.038711780	0.1780	0.038701781	0.1781	0.038681782	0.1782	0.038671783	0.1783	0.038661784	0.1784	0.038651785	0.1785	0.038651786	0.1786	0.038621787	0.1787	0.038611788	0.1788	0.038581789	0.1789	0.038561790	01790	0.0385561791	01791	0.0385481792	01792	0.0385301793	01793	0.0385161794	1794	0.03849971795	1795	0.03848521796	1796	0.03847191797	1797	0.03845881798	1798	0.03844441799	1799	0.03843351800	1800	0.03839971801	1801	0.03839001802	1802	0.03837271803	1803	0.03835031804	1804	0.03831341805	1805	0.03830091806	1806	0.0382831807	01807	0.0382591808	01808	0.0382571809	01809	0.0382391810	01810	0.0381911811	01811	0.0381791812	1812	0.03817521813	1813	0.03817171814	1814	0.03813631815	1815	0.03813141816	1816	0.03812911817	1817	0.03810231818	1818	0.03808761819	1819	0.03807451820	1820	0.03804801821821	0.038032431181822	0.0380190992181823	0.0379992896181824	0.0379899227181825	0.0379780774181826	0.037948660611827	0.0379347092181828	0.0379120537181829	0.0378983678181830	0.0378810811831831	0.0378663561831832	0.0378571418331833	0.037846831831834	0.0378360771831835	0.0377918911831836	0.0377775681831837	0.0377698121831838	0.037752767181839	0.0377472265181840	0.0377160453181841	0.0377130147181842	0.0377017689181843	0.0376833015181844	0.0376394001181845	0.0376050499181846	0.037590116611847	0.0375478581841848	0.0375356701841849	0.0375011691851850	0.0374841531851851	0.0374562391851852	0.03744685
1853	0.03744116229
1854	0.03742697975
1855	0.03740658257
1856	0.03739283083
1857	0.03736365479
1858	0.03735003405
1859	0.03734063869
1860	0.03731532594
1861	0.03729675887
1862	0.03727355424
1863	0.03726368083
1864	0.0372492662
1865	0.03723708928
1866	0.03723554075
1867	0.03722432919
1868	0.03720749062
1869	0.03719975475
1870	0.0371792284
1871	0.03716432583
1872	0.03715096864
1873	0.0371413588
1874	0.03712752021
1875	0.03710891018
1876	0.03709069191
1877	0.03707898698
1878	0.03706069192
1879	0.03705566394
1880	0.03704588991
1881	0.03703609237
1882	0.03702300611
1883	0.03701134159
1884	0.03698676698
1885	0.03695689708
1886	0.03694672362
1887	0.0369264955
1888	0.03691109786
1889	0.03687597596
1890	0.03686292085
1891	0.03684100711
1892	0.03681170408
1893	0.03678701388
1894	0.03678430645
1895	0.0367476528
1896	0.03671603184
1897	0.03671475361
1898	0.03670201635
1899	0.03668900267
1900	0.03665592982
1901	0.0366519429
1902	0.03665061868
1903	0.03662512731
1904	0.03661054271
1905	0.03660810363
1906	0.03657072076
1907	0.03656332262
1908	0.03655306079
1909	0.03654600484
1910	0.036541562
1911	0.03651831653
1912	0.03651184683
1913	0.03649942099
1914	0.0364873788
1915	0.03646296949
1916	0.0364275211
1917	0.03640282479
1918	0.03639678157
1919	0.03638384248
1920	0.03635961134
1921	0.03634868679
1922	0.03633667093
1923	0.03631136708
1924	0.03630888518
1925	0.03630177095
1926	0.03628274131
1927	0.03626108281
1928	0.03625110669
1929	0.0362371988
1930	0.03621955747
1931	0.03620838789
1932	0.03619450187
1933	0.03617288616
1934	0.03615901079
1935	0.0361571485
1936	0.03615564989
1937	0.03614654389
1938	0.03612152454
1939	0.03611919641
1940	0.03609786363
1941	0.03606698998
1942	0.03605194656
1943	0.03603614552
1944	0.03601486381
1945	0.03599772858
1946	0.0359864485
1947	0.03595716977
1948	0.03593451884
1949	0.03592616013
1950	0.03589908965
1951	0.03587618478
1952	0.03585111279
1953	0.03584771279
1954	0.03581363874
1955	0.035811247
1956	0.03578891246
1957	0.03577123614
1958	0.03575939467
1959	0.03574492642
1960	0.03573141602
1961	0.03573062616
1962	0.03572517839
1963	0.03568254689
1964	0.03563519824
1965	0.03562175666
1966	0.0356005964
1967	0.03557914084
1968	0.03556293306
1969	0.03554756062
1970	0.03552751868
1971	0.03551700357
1972	0.03549357727
1973	0.03547867618
1974	0.03545242568
1975	0.03543802026
1976	0.03542886345
1977	0.0353984437
1978	0.03538571816
1979	0.03537105209
1980	0.03535424869
1981	0.0353439856
1982	0.03534119494
1983	0.03534024853
1984	0.03531649589
1985	0.03530515726
1986	0.03527776753
1987	0.03526523175
1988	0.03524033845
1989	0.03520972569
1990	0.03519074177
1991	0.03517102133
1992	0.03517019801
1993	0.03514988137
1994	0.03513788621
1995	0.03512828564
1996	0.03511659617
1997	0.03510775774
1998	0.03510255035
1999	0.0350926584
34303781999	0.03551196227
0356614649
589
09829
1999	0.03424193096
340849
